[
    {
        "type": "multiple",
        "difficulty": "easy",
        "category": "Geography",
        "question": "What is the capital of India?",
        "correct_answer": "New Delhi",
        "incorrect_answers": [
            "Bejing",
            "Montreal",
            "Tithi"
        ]
    },
    {
        "type": "multiple",
        "difficulty": "easy",
        "category": "Geography",
        "question": "How many countries does Mexico border?",
        "correct_answer": "3",
        "incorrect_answers": [
            "2",
            "4",
            "1"
        ]
    },
    {
        "type": "multiple",
        "difficulty": "easy",
        "category": "Geography",
        "question": "Which of the following countries has a flag featuring a yellow lion wielding a sword on a dark red background?",
        "correct_answer": "Sri Lanka",
        "incorrect_answers": [
            "Kiribati",
            "Scotland",
            "Bhutan"
        ]
    },
    {
        "type": "multiple",
        "difficulty": "easy",
        "category": "Geography",
        "question": "Greenland is a part of which kingdom?",
        "correct_answer": "Denmark",
        "incorrect_answers": [
            "Sweden",
            "Norway",
            "United Kingdom"
        ]
    },
    {
        "type": "multiple",
        "difficulty": "easy",
        "category": "Geography",
        "question": "If soccer is called football in England, what is American football called in England?",
        "correct_answer": "American football",
        "incorrect_answers": [
            "Combball",
            "Handball",
            "Touchdown"
        ]
    },
    {
        "type": "multiple",
        "difficulty": "easy",
        "category": "Geography",
        "question": "What country has a horizontal bicolor red and white flag?",
        "correct_answer": "Monaco",
        "incorrect_answers": [
            "Bahrain",
            "Malta",
            "Liechenstein"
        ]
    },
    {
        "type": "multiple",
        "difficulty": "easy",
        "category": "Geography",
        "question": "How many stars are featured on New Zealand&#039;s flag?",
        "correct_answer": "4",
        "incorrect_answers": [
            "5",
            "2",
            "0"
        ]
    },
    {
        "type": "multiple",
        "difficulty": "easy",
        "category": "Geography",
        "question": "What is the Polish city known to Germans as Danzig?",
        "correct_answer": "Gda\u0144sk",
        "incorrect_answers": [
            "Warsaw",
            "Zakopane",
            "Pozna\u0144"
        ]
    },
    {
        "type": "multiple",
        "difficulty": "easy",
        "category": "Geography",
        "question": "Which Russian oblast forms a border with Poland?",
        "correct_answer": "Kaliningrad",
        "incorrect_answers": [
            "Samara",
            "Nizhny Novgorod",
            "Omsk"
        ]
    },
    {
        "type": "multiple",
        "difficulty": "easy",
        "category": "Geography",
        "question": "Which of these African countries list &quot;Spanish&quot; as an official language?",
        "correct_answer": "Equatorial Guinea",
        "incorrect_answers": [
            "Guinea",
            "Cameroon",
            "Angola"
        ]
    },
    {
        "type": "multiple",
        "difficulty": "easy",
        "category": "Geography",
        "question": "Which ocean borders the west coast of the United States?",
        "correct_answer": "Pacific",
        "incorrect_answers": [
            "Atlantic",
            "Indian",
            "Arctic"
        ]
    },
    {
        "type": "multiple",
        "difficulty": "easy",
        "category": "Geography",
        "question": "What is the largest country in the world ?",
        "correct_answer": "Russian Federation",
        "incorrect_answers": [
            "China",
            "Canada",
            "Brazil"
        ]
    },
    {
        "type": "multiple",
        "difficulty": "easy",
        "category": "Geography",
        "question": "What state is the largest state of the United States of America?",
        "correct_answer": "Alaska",
        "incorrect_answers": [
            "California",
            "Texas",
            "Washington"
        ]
    },
    {
        "type": "multiple",
        "difficulty": "easy",
        "category": "Geography",
        "question": "What is the capital of the American state of Arizona?",
        "correct_answer": "Phoenix",
        "incorrect_answers": [
            "Montgomery",
            "Tallahassee",
            "Raleigh"
        ]
    },
    {
        "type": "multiple",
        "difficulty": "easy",
        "category": "Geography",
        "question": "Which of these is the name of the largest city in the US state Tennessee?",
        "correct_answer": "Memphis",
        "incorrect_answers": [
            "Thebes",
            "Alexandria",
            "Luxor"
        ]
    },
    {
        "type": "multiple",
        "difficulty": "easy",
        "category": "Geography",
        "question": "What is the capital of Indonesia?",
        "correct_answer": "Jakarta",
        "incorrect_answers": [
            "Bandung",
            "Medan",
            "Palembang"
        ]
    },
    {
        "type": "multiple",
        "difficulty": "easy",
        "category": "Geography",
        "question": "What is the name of New Zealand&#039;s indigenous people?",
        "correct_answer": "Maori",
        "incorrect_answers": [
            "Vikings",
            "Polynesians",
            "Samoans"
        ]
    },
    {
        "type": "multiple",
        "difficulty": "easy",
        "category": "Geography",
        "question": "What is the capital of Jamaica?",
        "correct_answer": "Kingston",
        "incorrect_answers": [
            "San Juan",
            "Port-au-Prince",
            "Bridgetown"
        ]
    },
    {
        "type": "multiple",
        "difficulty": "easy",
        "category": "Geography",
        "question": "The Space Needle is located in which city?",
        "correct_answer": "Seattle",
        "incorrect_answers": [
            "Los Angles",
            "Toronto",
            "Vancouver"
        ]
    },
    {
        "type": "multiple",
        "difficulty": "easy",
        "category": "Geography",
        "question": "Which of these is NOT an Australian state or territory?",
        "correct_answer": "Alberta",
        "incorrect_answers": [
            "New South Wales",
            "Victoria",
            "Queensland"
        ]
    },
    {
        "type": "multiple",
        "difficulty": "easy",
        "category": "Geography",
        "question": "What is the capital of the US State of New York?",
        "correct_answer": "Albany",
        "incorrect_answers": [
            "Buffalo",
            "New York",
            "Rochester"
        ]
    },
    {
        "type": "multiple",
        "difficulty": "easy",
        "category": "Geography",
        "question": "Harvard University is located in which city?",
        "correct_answer": "Cambridge",
        "incorrect_answers": [
            "Providence",
            "New York",
            "Washington D.C."
        ]
    },
    {
        "type": "multiple",
        "difficulty": "easy",
        "category": "Geography",
        "question": "What is the only state in the United States that does not have a flag in a shape with 4 edges?",
        "correct_answer": "Ohio",
        "incorrect_answers": [
            "Florida",
            "Idaho",
            "New Mexico"
        ]
    },
    {
        "type": "multiple",
        "difficulty": "easy",
        "category": "Geography",
        "question": "What colour is the circle on the Japanese flag?",
        "correct_answer": "Red",
        "incorrect_answers": [
            "White",
            "Yellow",
            "Black"
        ]
    },
    {
        "type": "multiple",
        "difficulty": "easy",
        "category": "Geography",
        "question": "What name was historically used for the Turkish city currently known as Istanbul?",
        "correct_answer": "Constantinople",
        "incorrect_answers": [
            "H&uuml;davendigar",
            "S&ouml;\u011f&uuml;t",
            "Adrianople"
        ]
    },
    {
        "type": "multiple",
        "difficulty": "easy",
        "category": "Geography",
        "question": "What is the capital of Denmark?",
        "correct_answer": "Copenhagen",
        "incorrect_answers": [
            "Aarhus",
            "Odense",
            "Aalborg"
        ]
    },
    {
        "type": "multiple",
        "difficulty": "easy",
        "category": "Geography",
        "question": "What is the official language of Costa Rica?",
        "correct_answer": "Spanish",
        "incorrect_answers": [
            "English",
            "Portuguese",
            "Creole"
        ]
    },
    {
        "type": "multiple",
        "difficulty": "easy",
        "category": "Geography",
        "question": "Which of the following European languages is classified as a &quot;language isolate?&quot;",
        "correct_answer": "Basque",
        "incorrect_answers": [
            "Galician",
            "Maltese",
            "Hungarian"
        ]
    },
    {
        "type": "multiple",
        "difficulty": "easy",
        "category": "Geography",
        "question": "Which nation claims ownership of Antarctica?",
        "correct_answer": "No one, but there are claims.",
        "incorrect_answers": [
            "United States of America",
            "United Nations",
            "Australia"
        ]
    },
    {
        "type": "multiple",
        "difficulty": "easy",
        "category": "Geography",
        "question": "The Alps are a mountain range on which continent?",
        "correct_answer": "Europe",
        "incorrect_answers": [
            "North America",
            "Asia",
            "Africa"
        ]
    },
    {
        "type": "multiple",
        "difficulty": "easy",
        "category": "Geography",
        "question": "Which of the following former Yugoslavian states is landlocked?",
        "correct_answer": "Serbia",
        "incorrect_answers": [
            "Bosnia and Herzegovina",
            "Montenegro",
            "Croatia"
        ]
    },
    {
        "type": "multiple",
        "difficulty": "easy",
        "category": "Geography",
        "question": "What is Laos?",
        "correct_answer": "Country",
        "incorrect_answers": [
            "Region",
            "River",
            "City"
        ]
    },
    {
        "type": "multiple",
        "difficulty": "easy",
        "category": "Geography",
        "question": "What is the largest country in the world?",
        "correct_answer": "Russia",
        "incorrect_answers": [
            "Canada",
            "China",
            "United States"
        ]
    },
    {
        "type": "multiple",
        "difficulty": "easy",
        "category": "Geography",
        "question": "What is the nickname for the US state Delaware?",
        "correct_answer": "The First State",
        "incorrect_answers": [
            "The Fiftieth State",
            "The Second State",
            "The Sixteenth State"
        ]
    },
    {
        "type": "multiple",
        "difficulty": "easy",
        "category": "Geography",
        "question": "Which US state has the highest population?",
        "correct_answer": "California",
        "incorrect_answers": [
            "New York",
            "Texas",
            "Florida"
        ]
    },
    {
        "type": "multiple",
        "difficulty": "easy",
        "category": "Geography",
        "question": "Where would you find the &quot;Spanish Steps&quot;?",
        "correct_answer": "Rome, Italy",
        "incorrect_answers": [
            "Barcelona, Spain",
            "Berlin, Germany",
            "London, England"
        ]
    },
    {
        "type": "multiple",
        "difficulty": "easy",
        "category": "Geography",
        "question": "Which small country is located between the borders of France and Spain?",
        "correct_answer": "Andorra",
        "incorrect_answers": [
            "San Marino",
            "Vatican City",
            "Lichtenstein"
        ]
    },
    {
        "type": "multiple",
        "difficulty": "easy",
        "category": "Geography",
        "question": "What is the 15th letter of the Greek alphabet?",
        "correct_answer": "Omicron (&Omicron;)",
        "incorrect_answers": [
            "Sigma (&Sigma;)",
            "Pi (&Pi;)",
            "Nu (&Nu;)"
        ]
    },
    {
        "type": "multiple",
        "difficulty": "easy",
        "category": "Geography",
        "question": "What is the capital of South Korea?",
        "correct_answer": "Seoul",
        "incorrect_answers": [
            "Pyongyang",
            "Taegu",
            "Kitakyushu"
        ]
    },
    {
        "type": "multiple",
        "difficulty": "easy",
        "category": "Geography",
        "question": "Which of the following Arab countries does NOT have a flag containing only Pan-Arab colours?",
        "correct_answer": "Qatar",
        "incorrect_answers": [
            "Kuwait",
            "United Arab Emirates",
            "Jordan"
        ]
    }
]