[
    {
        "type": "multiple",
        "difficulty": "easy",
        "category": "History",
        "question": "In which year did the Invasion of Kuwait by Iraq occur?",
        "correct_answer": "1990",
        "incorrect_answers": [
            "1992",
            "1988",
            "1986"
        ]
    },
    {
        "type": "multiple",
        "difficulty": "easy",
        "category": "History",
        "question": "On what street did the 1666 Great Fire of London start?",
        "correct_answer": "Pudding Lane",
        "incorrect_answers": [
            "Baker Street",
            "Houses of Parliament",
            "St Paul&#039;s Cathedral"
        ]
    },
    {
        "type": "multiple",
        "difficulty": "easy",
        "category": "History",
        "question": "Who led the Communist Revolution of Russia?",
        "correct_answer": "Vladimir Lenin",
        "incorrect_answers": [
            "Joseph Stalin",
            "Vladimir Putin",
            "Mikhail Gorbachev"
        ]
    },
    {
        "type": "multiple",
        "difficulty": "easy",
        "category": "History",
        "question": "The Ottoman Empire was dissolved after their loss in which war?",
        "correct_answer": "World War I",
        "incorrect_answers": [
            "Crimean War",
            "Serbian Revolution",
            "Second Balkan War"
        ]
    },
    {
        "type": "multiple",
        "difficulty": "easy",
        "category": "History",
        "question": "Which one of these was not a beach landing site in the Invasion of Normandy?",
        "correct_answer": "Silver",
        "incorrect_answers": [
            "Gold",
            "Juno",
            "Sword"
        ]
    },
    {
        "type": "multiple",
        "difficulty": "easy",
        "category": "History",
        "question": "Who was the Prime Minister of Japan when Japan declared war on the US?",
        "correct_answer": "Hideki Tojo",
        "incorrect_answers": [
            "Michinomiya Hirohito",
            "Isoroku Yamamoto",
            "Fumimaro Konoe"
        ]
    },
    {
        "type": "multiple",
        "difficulty": "easy",
        "category": "History",
        "question": "Who was the first prime minister of Canada?",
        "correct_answer": "John Macdonald",
        "incorrect_answers": [
            "John Abbott",
            "Alexander Mackenzie",
            "Robert Borden"
        ]
    },
    {
        "type": "multiple",
        "difficulty": "easy",
        "category": "History",
        "question": "Which famous military commander marched an army, which included war elephants, over the Alps during the Second Punic War?",
        "correct_answer": "Hannibal",
        "incorrect_answers": [
            "Garmanicus",
            "Alexander the Great",
            "Tiberius"
        ]
    },
    {
        "type": "multiple",
        "difficulty": "easy",
        "category": "History",
        "question": "Which modern day country is the region that was known as Phrygia in ancient times?",
        "correct_answer": "Turkey",
        "incorrect_answers": [
            "Syria",
            "Greece",
            "Egypt"
        ]
    },
    {
        "type": "multiple",
        "difficulty": "easy",
        "category": "History",
        "question": "What was William Frederick Cody better known as?",
        "correct_answer": "Buffalo Bill",
        "incorrect_answers": [
            "Billy the Kid",
            "Wild Bill Hickok",
            "Pawnee Bill"
        ]
    },
    {
        "type": "multiple",
        "difficulty": "easy",
        "category": "History",
        "question": "In what year did the Great Northern War, between Russia and Sweden, end?",
        "correct_answer": "1721",
        "incorrect_answers": [
            "1726",
            "1727",
            "1724"
        ]
    },
    {
        "type": "multiple",
        "difficulty": "easy",
        "category": "History",
        "question": "Which of the following ancient peoples was NOT classified as Hellenic (Greek)?",
        "correct_answer": "Illyrians",
        "incorrect_answers": [
            "Dorians",
            "Achaeans",
            "Ionians"
        ]
    },
    {
        "type": "multiple",
        "difficulty": "easy",
        "category": "History",
        "question": "The collapse of the Soviet Union took place in which year?",
        "correct_answer": "1991",
        "incorrect_answers": [
            "1992",
            "1891",
            "1990"
        ]
    },
    {
        "type": "multiple",
        "difficulty": "easy",
        "category": "History",
        "question": "When was Google founded?",
        "correct_answer": "September 4, 1998",
        "incorrect_answers": [
            "October 9, 1997",
            "December 12, 1989",
            "Feburary 7th, 2000"
        ]
    },
    {
        "type": "multiple",
        "difficulty": "easy",
        "category": "History",
        "question": "In what year did the Wall Street Crash take place?",
        "correct_answer": "1929",
        "incorrect_answers": [
            "1932",
            "1930",
            "1925"
        ]
    },
    {
        "type": "multiple",
        "difficulty": "easy",
        "category": "History",
        "question": "The original Roman alphabet lacked the following letters EXCEPT:",
        "correct_answer": "X",
        "incorrect_answers": [
            "W",
            "U",
            "J"
        ]
    },
    {
        "type": "multiple",
        "difficulty": "easy",
        "category": "History",
        "question": "How old was Adolf Hitler when he died?",
        "correct_answer": "56",
        "incorrect_answers": [
            "43",
            "65",
            "47"
        ]
    },
    {
        "type": "multiple",
        "difficulty": "easy",
        "category": "History",
        "question": "Which of the following African countries was most successful in resisting colonization?",
        "correct_answer": "Ethiopia",
        "incorrect_answers": [
            "C&ocirc;te d&rsquo;Ivoire",
            "Congo",
            "Namibia"
        ]
    },
    {
        "type": "multiple",
        "difficulty": "easy",
        "category": "History",
        "question": "Which modern country is known as &quot;The Graveyard of Empires&quot;?",
        "correct_answer": "Afghanistan",
        "incorrect_answers": [
            "China",
            "Iraq",
            "Russia"
        ]
    },
    {
        "type": "multiple",
        "difficulty": "easy",
        "category": "History",
        "question": "Which of the following countries was not an axis power during World War II?",
        "correct_answer": " Soviet Union",
        "incorrect_answers": [
            "Italy",
            "Germany",
            "Japan"
        ]
    },
    {
        "type": "multiple",
        "difficulty": "easy",
        "category": "History",
        "question": "Which of these countries remained neutral during World War II?",
        "correct_answer": "Switzerland",
        "incorrect_answers": [
            "United Kingdom",
            "France",
            "Italy"
        ]
    },
    {
        "type": "multiple",
        "difficulty": "easy",
        "category": "History",
        "question": "Who was the first president of the United States?",
        "correct_answer": "George Washington",
        "incorrect_answers": [
            "James Madison",
            "Thomas Jefferson",
            "James K. Polk"
        ]
    },
    {
        "type": "multiple",
        "difficulty": "easy",
        "category": "History",
        "question": "How long did World War II last?",
        "correct_answer": "6 years",
        "incorrect_answers": [
            "4 years",
            "5 years",
            "7 years"
        ]
    },
    {
        "type": "multiple",
        "difficulty": "easy",
        "category": "History",
        "question": "Which one of these tanks was designed and operated by the United Kingdom?",
        "correct_answer": "Tog II",
        "incorrect_answers": [
            "M4 Sherman",
            "Tiger H1",
            "T-34"
        ]
    },
    {
        "type": "multiple",
        "difficulty": "easy",
        "category": "History",
        "question": "Which German field marshal was known as the `Desert Fox`?",
        "correct_answer": "Erwin Rommel",
        "incorrect_answers": [
            "Ernst Busch",
            "Wolfram Freiherr von Richthofen",
            "Wilhelm List"
        ]
    },
    {
        "type": "multiple",
        "difficulty": "easy",
        "category": "History",
        "question": "What does the United States of America celebrate during the 4th of July?",
        "correct_answer": "The signing of the Declaration of Independence",
        "incorrect_answers": [
            "The anniversary of the Battle of Gettysburg",
            "The crossing of the Delaware River",
            "The ratification of the Constitution"
        ]
    },
    {
        "type": "multiple",
        "difficulty": "easy",
        "category": "History",
        "question": "When did the Battle of the Somme begin?",
        "correct_answer": "July 1st, 1916",
        "incorrect_answers": [
            "August 1st, 1916",
            "July 2nd, 1916",
            "June 30th, 1916"
        ]
    },
    {
        "type": "multiple",
        "difficulty": "easy",
        "category": "History",
        "question": "King Henry VIII was the second monarch of which European royal house?",
        "correct_answer": "Tudor",
        "incorrect_answers": [
            "York",
            "Stuart",
            "Lancaster"
        ]
    },
    {
        "type": "multiple",
        "difficulty": "easy",
        "category": "History",
        "question": "During WWII, in 1945, the United States dropped atomic bombs on the two Japanese cities of Hiroshima and what other city?",
        "correct_answer": "Nagasaki",
        "incorrect_answers": [
            "Kawasaki",
            "Tokyo",
            "Kagoshima"
        ]
    },
    {
        "type": "multiple",
        "difficulty": "easy",
        "category": "History",
        "question": "In 1939, Britain and France declared war on Germany after it invaded which country?",
        "correct_answer": "Poland",
        "incorrect_answers": [
            "Czechoslovakia",
            "Austria",
            "Hungary"
        ]
    },
    {
        "type": "multiple",
        "difficulty": "easy",
        "category": "History",
        "question": "These two countries held a commonwealth from the 16th to 18th century.",
        "correct_answer": "Poland and Lithuania",
        "incorrect_answers": [
            "Hutu and Rwanda",
            "North Korea and South Korea",
            "Bangladesh and Bhutan"
        ]
    },
    {
        "type": "multiple",
        "difficulty": "easy",
        "category": "History",
        "question": "Which of the following was Brazil was a former colony under?",
        "correct_answer": "Portugal",
        "incorrect_answers": [
            "Spain",
            "The Netherlands",
            "France"
        ]
    },
    {
        "type": "multiple",
        "difficulty": "easy",
        "category": "History",
        "question": "How many manned moon landings have there been?",
        "correct_answer": "6",
        "incorrect_answers": [
            "1",
            "3",
            "7"
        ]
    },
    {
        "type": "multiple",
        "difficulty": "easy",
        "category": "History",
        "question": "The idea of Socialism was articulated and advanced by whom?",
        "correct_answer": "Karl Marx",
        "incorrect_answers": [
            "Vladimir Lenin",
            "Joseph Stalin",
            "Vladimir Putin"
        ]
    },
    {
        "type": "multiple",
        "difficulty": "easy",
        "category": "History",
        "question": "What country joined the EU in 2013?",
        "correct_answer": "Croatia",
        "incorrect_answers": [
            "Bulgaria",
            "Slovenia",
            "Turkey"
        ]
    },
    {
        "type": "multiple",
        "difficulty": "easy",
        "category": "History",
        "question": "To what political party did Abraham Lincoln belong when elected POTUS?",
        "correct_answer": "Republican",
        "incorrect_answers": [
            "Democrat",
            "Independent",
            "Whig"
        ]
    },
    {
        "type": "multiple",
        "difficulty": "easy",
        "category": "History",
        "question": "In 1720, England was in massive debt and became involved in the South Sea Bubble. Who was the main mastermind behind it?",
        "correct_answer": "John Blunt",
        "incorrect_answers": [
            "Daniel Defoe",
            "Robert Harley",
            "John Churchill"
        ]
    },
    {
        "type": "multiple",
        "difficulty": "easy",
        "category": "History",
        "question": "Abolitionist John Brown raided the arsenal in which Virginia Town?",
        "correct_answer": "Harper&#039;s Ferry",
        "incorrect_answers": [
            "Richmond",
            "Harrisonburg",
            "Martinsburg"
        ]
    },
    {
        "type": "multiple",
        "difficulty": "easy",
        "category": "History",
        "question": "The &quot;Trail of Tears&quot; was a result of which United States President&#039;s Indian Removal Policy?",
        "correct_answer": "Andrew Jackson",
        "incorrect_answers": [
            "Harry S. Truman",
            "Martin Van Buren",
            "John Quincy Adams"
        ]
    },
    {
        "type": "multiple",
        "difficulty": "easy",
        "category": "History",
        "question": "What was the name commonly given to the ancient trade routes that connected the East and West of Eurasia?",
        "correct_answer": "Silk Road",
        "incorrect_answers": [
            "Spice Road",
            "Clay Road",
            "Salt Road"
        ]
    }
]