[
    {
        "type": "multiple",
        "difficulty": "medium",
        "category": "Science &amp; Nature",
        "question": "The &quot;Tibia&quot; is found in which part of the body?",
        "correct_answer": "Leg",
        "incorrect_answers": [
            "Arm",
            "Hand",
            "Head"
        ]
    },
    {
        "type": "multiple",
        "difficulty": "medium",
        "category": "Science &amp; Nature",
        "question": "What is the colour of unoxidized blood?",
        "correct_answer": "Red",
        "incorrect_answers": [
            "Blue",
            "Purple",
            "Green"
        ]
    },
    {
        "type": "multiple",
        "difficulty": "medium",
        "category": "Science &amp; Nature",
        "question": "After which Danish city is the 72th element on the periodic table named?",
        "correct_answer": "Copenhagen",
        "incorrect_answers": [
            "Odense",
            "Herning",
            "Skagen"
        ]
    },
    {
        "type": "multiple",
        "difficulty": "medium",
        "category": "Science &amp; Nature",
        "question": "What is the Linnean name of the domestic apple tree?",
        "correct_answer": "Malus pumila",
        "incorrect_answers": [
            "Malus americana",
            "Pomus domestica",
            "Appelus delectica"
        ]
    },
    {
        "type": "multiple",
        "difficulty": "medium",
        "category": "Science &amp; Nature",
        "question": "Deionized water is water with which of the following removed?",
        "correct_answer": "Iron",
        "incorrect_answers": [
            "Oxygen",
            "Hydrogen",
            "Uncharged atoms"
        ]
    },
    {
        "type": "multiple",
        "difficulty": "medium",
        "category": "Science &amp; Nature",
        "question": "Approximately how long is a year on Uranus?",
        "correct_answer": "84 Earth years",
        "incorrect_answers": [
            "47 Earth years",
            "62 Earth years",
            "109 Earth years"
        ]
    },
    {
        "type": "multiple",
        "difficulty": "medium",
        "category": "Science &amp; Nature",
        "question": "Who made the discovery of X-rays?",
        "correct_answer": "Wilhelm Conrad R&ouml;ntgen",
        "incorrect_answers": [
            "Thomas Alva Edison",
            "James Watt",
            "Albert Einstein"
        ]
    },
    {
        "type": "multiple",
        "difficulty": "medium",
        "category": "Science &amp; Nature",
        "question": "A positron is an antiparticle of a what?",
        "correct_answer": "Electron",
        "incorrect_answers": [
            "Neutron",
            "Proton",
            "Photon"
        ]
    },
    {
        "type": "multiple",
        "difficulty": "medium",
        "category": "Science &amp; Nature",
        "question": "The human right lung has how many lobes?",
        "correct_answer": "3",
        "incorrect_answers": [
            "4",
            "2",
            "1"
        ]
    },
    {
        "type": "multiple",
        "difficulty": "medium",
        "category": "Science &amp; Nature",
        "question": "What part of the brain takes its name from the Greek for seahorse?",
        "correct_answer": "Hippocampus",
        "incorrect_answers": [
            "Cerebellum",
            "Thalamus",
            "Amygdala"
        ]
    },
    {
        "type": "multiple",
        "difficulty": "medium",
        "category": "Science &amp; Nature",
        "question": "In aeronautics, flaps and slats are used to control what on an aircraft?",
        "correct_answer": "Lift",
        "incorrect_answers": [
            "Thrust",
            "Drag",
            "Weight "
        ]
    },
    {
        "type": "multiple",
        "difficulty": "medium",
        "category": "Science &amp; Nature",
        "question": "To the nearest minute, how long does it take for light to travel from the Sun to the Earth?",
        "correct_answer": "8 Minutes",
        "incorrect_answers": [
            "6 Minutes",
            "2 Minutes",
            "12 Minutes"
        ]
    },
    {
        "type": "multiple",
        "difficulty": "medium",
        "category": "Science &amp; Nature",
        "question": "What is the largest living organism currently known to man?",
        "correct_answer": "Honey Fungus",
        "incorrect_answers": [
            "Blue Whale",
            "Redwood Tree",
            "The Coral Reef"
        ]
    },
    {
        "type": "multiple",
        "difficulty": "medium",
        "category": "Science &amp; Nature",
        "question": "About how old is Earth?",
        "correct_answer": "4.5 Billion Years",
        "incorrect_answers": [
            "3.5 Billion Years",
            "2.5 Billion Years",
            "5.5 Billion Years"
        ]
    },
    {
        "type": "multiple",
        "difficulty": "medium",
        "category": "Science &amp; Nature",
        "question": "Which color cannot be produced in Roses, even through genetic alteration?",
        "correct_answer": "Blue",
        "incorrect_answers": [
            "Black",
            "Orange",
            "Brown"
        ]
    },
    {
        "type": "multiple",
        "difficulty": "medium",
        "category": "Science &amp; Nature",
        "question": "What was the first living creature in space?",
        "correct_answer": "Fruit Flies ",
        "incorrect_answers": [
            "Monkey",
            "Dog",
            "Mouse"
        ]
    },
    {
        "type": "multiple",
        "difficulty": "medium",
        "category": "Science &amp; Nature",
        "question": "In Psychology, which need appears highest in the &quot;Maslow&#039;s hierarchy of needs&quot; pyramid?",
        "correct_answer": "Esteem",
        "incorrect_answers": [
            "Love",
            "Safety",
            "Physiological"
        ]
    },
    {
        "type": "multiple",
        "difficulty": "medium",
        "category": "Science &amp; Nature",
        "question": "Where did the Great Storm of 1987 make landfall at, first?",
        "correct_answer": "Cornwall",
        "incorrect_answers": [
            "Surrey",
            "Wales",
            "The Midlands"
        ]
    },
    {
        "type": "multiple",
        "difficulty": "medium",
        "category": "Science &amp; Nature",
        "question": "Which one of these scientists conducted the Gold Foil Experiment which concluded that atoms are mostly made of empty space?",
        "correct_answer": "Ernest Rutherford",
        "incorrect_answers": [
            "Joseph John Thomson",
            "Archimedes",
            "Niels Henrik David Bohr"
        ]
    },
    {
        "type": "multiple",
        "difficulty": "medium",
        "category": "Science &amp; Nature",
        "question": "What is the study of the cells and tissues of plants and animals?",
        "correct_answer": "Histology",
        "incorrect_answers": [
            "Microbiology",
            "Anatomy",
            "Biochemistry"
        ]
    },
    {
        "type": "multiple",
        "difficulty": "medium",
        "category": "Science &amp; Nature",
        "question": "In Chemistry, how many isomers does Butanol (C4H9OH) have?",
        "correct_answer": "4",
        "incorrect_answers": [
            "3",
            "5",
            "6"
        ]
    },
    {
        "type": "multiple",
        "difficulty": "medium",
        "category": "Science &amp; Nature",
        "question": "Which of the following men does not have a chemical element named after him?",
        "correct_answer": "Sir Isaac Newton",
        "incorrect_answers": [
            "Albert Einstein",
            "Niels Bohr",
            "Enrico Fermi"
        ]
    },
    {
        "type": "multiple",
        "difficulty": "medium",
        "category": "Science &amp; Nature",
        "question": "Where did the dog breed &quot;Chihuahua&quot; originate?",
        "correct_answer": "Mexico",
        "incorrect_answers": [
            "France",
            "Spain",
            "Russia"
        ]
    },
    {
        "type": "multiple",
        "difficulty": "medium",
        "category": "Science &amp; Nature",
        "question": "Which chemical element was originally known as Alabamine?",
        "correct_answer": "Astatine",
        "incorrect_answers": [
            "Selenium",
            "Antimony",
            "Molybdenum"
        ]
    },
    {
        "type": "multiple",
        "difficulty": "medium",
        "category": "Science &amp; Nature",
        "question": "What is the unit of electrical capacitance?",
        "correct_answer": "Farad",
        "incorrect_answers": [
            "Gauss",
            "Henry",
            "Watt"
        ]
    },
    {
        "type": "multiple",
        "difficulty": "medium",
        "category": "Science &amp; Nature",
        "question": "The medical condition osteoporosis affects which part of the body?",
        "correct_answer": "Bones",
        "incorrect_answers": [
            "Skin",
            "Brain",
            "Heart"
        ]
    },
    {
        "type": "multiple",
        "difficulty": "medium",
        "category": "Science &amp; Nature",
        "question": "At what temperature does water boil?",
        "correct_answer": "212&deg;F",
        "incorrect_answers": [
            "200&deg;F",
            "181&deg;F",
            "178&deg;F"
        ]
    },
    {
        "type": "multiple",
        "difficulty": "medium",
        "category": "Science &amp; Nature",
        "question": "Down Syndrome is usually caused by an extra copy of which chromosome?",
        "correct_answer": "21",
        "incorrect_answers": [
            "23",
            "15",
            "24"
        ]
    },
    {
        "type": "multiple",
        "difficulty": "medium",
        "category": "Science &amp; Nature",
        "question": "What does the yellow diamond on the NFPA 704 fire diamond represent?",
        "correct_answer": "Reactivity",
        "incorrect_answers": [
            "Health",
            "Flammability",
            "Radioactivity"
        ]
    },
    {
        "type": "multiple",
        "difficulty": "medium",
        "category": "Science &amp; Nature",
        "question": "What are the smallest blood vessels in the human body?",
        "correct_answer": "Capillaries",
        "incorrect_answers": [
            "Arterioles",
            "Veinules",
            "Lymphatics"
        ]
    }
]