[
    {
        "type": "multiple",
        "difficulty": "easy",
        "category": "Science &amp; Nature",
        "question": "Which is the most abundant element in the universe?",
        "correct_answer": "Hydrogen",
        "incorrect_answers": [
            "Helium",
            "Lithium",
            "Oxygen"
        ]
    },
    {
        "type": "multiple",
        "difficulty": "easy",
        "category": "Science &amp; Nature",
        "question": "Human cells typically have how many copies of each gene?",
        "correct_answer": "2",
        "incorrect_answers": [
            "1",
            "4",
            "3"
        ]
    },
    {
        "type": "multiple",
        "difficulty": "easy",
        "category": "Science &amp; Nature",
        "question": "The asteroid belt is located between which two planets?",
        "correct_answer": "Mars and Jupiter",
        "incorrect_answers": [
            "Jupiter and Saturn",
            "Mercury and Venus",
            "Earth and Mars"
        ]
    },
    {
        "type": "multiple",
        "difficulty": "easy",
        "category": "Science &amp; Nature",
        "question": "What name is given to all baby marsupials?",
        "correct_answer": "Joey",
        "incorrect_answers": [
            "Calf",
            "Pup",
            "Cub"
        ]
    },
    {
        "type": "multiple",
        "difficulty": "easy",
        "category": "Science &amp; Nature",
        "question": "The medical term for the belly button is which of the following?",
        "correct_answer": "Umbilicus",
        "incorrect_answers": [
            "Nevus",
            "Nares",
            "Paxillus"
        ]
    },
    {
        "type": "multiple",
        "difficulty": "easy",
        "category": "Science &amp; Nature",
        "question": "What animal takes part in Schr&ouml;dinger&#039;s most famous thought experiment?",
        "correct_answer": "Cat",
        "incorrect_answers": [
            "Dog",
            "Bat",
            "Butterfly"
        ]
    },
    {
        "type": "multiple",
        "difficulty": "easy",
        "category": "Science &amp; Nature",
        "question": "How many planets are in our Solar System?",
        "correct_answer": "Eight",
        "incorrect_answers": [
            "Nine",
            "Seven",
            "Ten"
        ]
    },
    {
        "type": "multiple",
        "difficulty": "easy",
        "category": "Science &amp; Nature",
        "question": "The biggest distinction between a eukaryotic cell and a prokaryotic cell is:",
        "correct_answer": "The presence or absence of a nucleus",
        "incorrect_answers": [
            "The overall size",
            "The presence or absence of certain organelles",
            "The mode of reproduction"
        ]
    },
    {
        "type": "multiple",
        "difficulty": "easy",
        "category": "Science &amp; Nature",
        "question": "What lies at the center of our galaxy?",
        "correct_answer": "A black hole",
        "incorrect_answers": [
            "A wormhole",
            "A supernova",
            "A quasar"
        ]
    },
    {
        "type": "multiple",
        "difficulty": "easy",
        "category": "Science &amp; Nature",
        "question": "71% of the Earth&#039;s surface is made up of",
        "correct_answer": "Water",
        "incorrect_answers": [
            "Deserts",
            "Continents",
            "Forests"
        ]
    },
    {
        "type": "multiple",
        "difficulty": "easy",
        "category": "Science &amp; Nature",
        "question": "Which of these bones is hardest to break?",
        "correct_answer": "Femur",
        "incorrect_answers": [
            "Cranium",
            "Humerus",
            "Tibia"
        ]
    },
    {
        "type": "multiple",
        "difficulty": "easy",
        "category": "Science &amp; Nature",
        "question": "Which noble gas has the lowest atomic number?",
        "correct_answer": "Helium",
        "incorrect_answers": [
            "Neon",
            "Argon",
            "Krypton"
        ]
    },
    {
        "type": "multiple",
        "difficulty": "easy",
        "category": "Science &amp; Nature",
        "question": "Dry ice is the solid form of what substance?",
        "correct_answer": "Carbon dioxide",
        "incorrect_answers": [
            "Nitrogen",
            "Ammonia",
            "Oxygen"
        ]
    },
    {
        "type": "multiple",
        "difficulty": "easy",
        "category": "Science &amp; Nature",
        "question": "What is the unit of electrical resistance?",
        "correct_answer": "Ohm",
        "incorrect_answers": [
            "Mho",
            "Tesla",
            "Joule"
        ]
    },
    {
        "type": "multiple",
        "difficulty": "easy",
        "category": "Science &amp; Nature",
        "question": "What was the name of the first artificial Earth satellite, launched by the Soviet Union in 1957?",
        "correct_answer": "Sputnik 1",
        "incorrect_answers": [
            "Soyuz 7K-OK",
            "Zenit-2",
            "Voskhod 3KV"
        ]
    },
    {
        "type": "multiple",
        "difficulty": "easy",
        "category": "Science &amp; Nature",
        "question": "The human heart has how many chambers?",
        "correct_answer": "4",
        "incorrect_answers": [
            "2",
            "6",
            "3"
        ]
    },
    {
        "type": "multiple",
        "difficulty": "easy",
        "category": "Science &amp; Nature",
        "question": "What is the standard atomic weight of a Plutonium nucleus?",
        "correct_answer": "244",
        "incorrect_answers": [
            "94",
            "481",
            "128"
        ]
    },
    {
        "type": "multiple",
        "difficulty": "easy",
        "category": "Science &amp; Nature",
        "question": "Who is the chemical element Curium named after?",
        "correct_answer": "Marie &amp; Pierre Curie",
        "incorrect_answers": [
            "The Curiosity Rover",
            "Curious George",
            "Stephen Curry"
        ]
    },
    {
        "type": "multiple",
        "difficulty": "easy",
        "category": "Science &amp; Nature",
        "question": "What is the standard SI unit for temperature?",
        "correct_answer": "Kelvin",
        "incorrect_answers": [
            "Fahrenheit",
            "Celsius",
            "Rankine"
        ]
    },
    {
        "type": "multiple",
        "difficulty": "easy",
        "category": "Science &amp; Nature",
        "question": "Which element has the highest melting point?",
        "correct_answer": "Carbon",
        "incorrect_answers": [
            "Tungsten",
            "Platinum",
            "Osmium"
        ]
    },
    {
        "type": "multiple",
        "difficulty": "easy",
        "category": "Science &amp; Nature",
        "question": "The element involved in making human blood red is which of the following?",
        "correct_answer": "Iron",
        "incorrect_answers": [
            "Copper",
            "Iridium",
            "Cobalt"
        ]
    },
    {
        "type": "multiple",
        "difficulty": "easy",
        "category": "Science &amp; Nature",
        "question": "Which of the following bones is not in the leg?",
        "correct_answer": "Radius",
        "incorrect_answers": [
            "Patella",
            "Tibia",
            "Fibula "
        ]
    },
    {
        "type": "multiple",
        "difficulty": "easy",
        "category": "Science &amp; Nature",
        "question": "What does DNA stand for?",
        "correct_answer": "Deoxyribonucleic Acid",
        "incorrect_answers": [
            "Deoxyribogenetic Acid",
            "Deoxyribogenetic Atoms",
            "Detoxic Acid"
        ]
    },
    {
        "type": "multiple",
        "difficulty": "easy",
        "category": "Science &amp; Nature",
        "question": "How many chromosomes are in your body cells?",
        "correct_answer": "23",
        "incorrect_answers": [
            "21",
            "22",
            "24"
        ]
    },
    {
        "type": "multiple",
        "difficulty": "easy",
        "category": "Science &amp; Nature",
        "question": "What is the speed of light in a vacuum?",
        "correct_answer": "299,792,458 m/s",
        "incorrect_answers": [
            "50,461 m/s",
            "308,215,043 m/s",
            "751,665,014,151 m/s"
        ]
    },
    {
        "type": "multiple",
        "difficulty": "easy",
        "category": "Science &amp; Nature",
        "question": "What is the primary addictive substance found in tobacco?",
        "correct_answer": "Nicotine",
        "incorrect_answers": [
            "Cathinone",
            "Ephedrine",
            "Glaucine"
        ]
    },
    {
        "type": "multiple",
        "difficulty": "easy",
        "category": "Science &amp; Nature",
        "question": "This element, when overcome with extreme heat and pressure, creates diamonds.",
        "correct_answer": "Carbon",
        "incorrect_answers": [
            "Nitrogen",
            "Oxygen",
            "Hydrogen"
        ]
    },
    {
        "type": "multiple",
        "difficulty": "easy",
        "category": "Science &amp; Nature",
        "question": "Which element has the chemical symbol &#039;Fe&#039;?",
        "correct_answer": "Iron",
        "incorrect_answers": [
            "Gold",
            "Silver",
            "Tin"
        ]
    },
    {
        "type": "multiple",
        "difficulty": "easy",
        "category": "Science &amp; Nature",
        "question": "Which gas forms about 78% of the Earth&rsquo;s atmosphere?",
        "correct_answer": "Nitrogen",
        "incorrect_answers": [
            "Oxygen",
            "Argon",
            "Carbon Dioxide"
        ]
    },
    {
        "type": "multiple",
        "difficulty": "easy",
        "category": "Science &amp; Nature",
        "question": "Alzheimer&#039;s disease primarily affects which part of the human body?",
        "correct_answer": "Brain",
        "incorrect_answers": [
            "Lungs",
            "Skin",
            "Heart"
        ]
    },
    {
        "type": "multiple",
        "difficulty": "easy",
        "category": "Science &amp; Nature",
        "question": "Which of the following blood vessels carries deoxygenated blood?",
        "correct_answer": "Pulmonary Artery",
        "incorrect_answers": [
            "Pulmonary Vein",
            "Aorta",
            "Coronary Artery"
        ]
    },
    {
        "type": "multiple",
        "difficulty": "easy",
        "category": "Science &amp; Nature",
        "question": "Which Apollo mission was the first one to land on the Moon?",
        "correct_answer": "Apollo 11",
        "incorrect_answers": [
            "Apollo 10",
            "Apollo 9",
            "Apollo 13"
        ]
    },
    {
        "type": "multiple",
        "difficulty": "easy",
        "category": "Science &amp; Nature",
        "question": "Rhinoplasty is a surgical procedure on what part of the human body?",
        "correct_answer": "Nose",
        "incorrect_answers": [
            "Ears",
            "Chin",
            "Neck"
        ]
    },
    {
        "type": "multiple",
        "difficulty": "easy",
        "category": "Science &amp; Nature",
        "question": "What is the hottest planet in the Solar System?",
        "correct_answer": "Venus",
        "incorrect_answers": [
            "Mars",
            "Mercury",
            "Jupiter"
        ]
    },
    {
        "type": "multiple",
        "difficulty": "easy",
        "category": "Science &amp; Nature",
        "question": "What is the chemical makeup of water?",
        "correct_answer": "H20",
        "incorrect_answers": [
            "C12H6O2",
            "CO2",
            "H"
        ]
    },
    {
        "type": "multiple",
        "difficulty": "easy",
        "category": "Science &amp; Nature",
        "question": "How many bones are in the human body?",
        "correct_answer": "206",
        "incorrect_answers": [
            "203",
            "209",
            "200"
        ]
    },
    {
        "type": "multiple",
        "difficulty": "easy",
        "category": "Science &amp; Nature",
        "question": "What is the atomic mass of Carbon?",
        "correct_answer": "12",
        "incorrect_answers": [
            "14",
            "16",
            "10"
        ]
    },
    {
        "type": "multiple",
        "difficulty": "easy",
        "category": "Science &amp; Nature",
        "question": "How many planets make up our Solar System?",
        "correct_answer": "8",
        "incorrect_answers": [
            "7",
            "9",
            "6"
        ]
    },
    {
        "type": "multiple",
        "difficulty": "easy",
        "category": "Science &amp; Nature",
        "question": "What does LASER stand for?",
        "correct_answer": "Light amplification by stimulated emission of radiation",
        "incorrect_answers": [
            "Lite analysing by stereo ecorazer",
            "Light amplifier by standby energy of radio",
            "Life antimatter by standing entry of range"
        ]
    },
    {
        "type": "multiple",
        "difficulty": "easy",
        "category": "Science &amp; Nature",
        "question": "What is the official name of the star located closest to the North Celestial Pole?",
        "correct_answer": "Polaris",
        "incorrect_answers": [
            "Eridanus",
            "Gamma Cephei",
            "Iota Cephei"
        ]
    }
]