[
    {
        "type": "multiple",
        "difficulty": "hard",
        "category": "Science &amp; Nature",
        "question": "Which of the following are cells of the adaptive immune system?",
        "correct_answer": "Cytotoxic T cells",
        "incorrect_answers": [
            "Dendritic cells",
            "Natural killer cells",
            "White blood cells"
        ]
    },
    {
        "type": "multiple",
        "difficulty": "hard",
        "category": "Science &amp; Nature",
        "question": "What element on the periodic table has 92 electrons?",
        "correct_answer": "Uranium",
        "incorrect_answers": [
            "Sulfur",
            "Hydrogen",
            "Iron"
        ]
    },
    {
        "type": "multiple",
        "difficulty": "hard",
        "category": "Science &amp; Nature",
        "question": "Which of the following is NOT a real element?",
        "correct_answer": "Vitrainium",
        "incorrect_answers": [
            "Praseodymium",
            "Hassium",
            "Lutetium"
        ]
    },
    {
        "type": "multiple",
        "difficulty": "hard",
        "category": "Science &amp; Nature",
        "question": "The Western Lowland Gorilla is scientifically know as?",
        "correct_answer": "Gorilla Gorilla Gorilla",
        "incorrect_answers": [
            "Gorilla Gorilla Diehli",
            "Gorilla Beringei Graueri",
            "Gorilla Beringei Beringei"
        ]
    },
    {
        "type": "multiple",
        "difficulty": "hard",
        "category": "Science &amp; Nature",
        "question": "Which of these animals belongs in class Chondrichthyes?",
        "correct_answer": "Great white shark",
        "incorrect_answers": [
            "Octopus",
            "Killer whale",
            "Catfish"
        ]
    },
    {
        "type": "multiple",
        "difficulty": "hard",
        "category": "Science &amp; Nature",
        "question": "If you planted the seeds of Quercus robur what would grow?",
        "correct_answer": "Trees",
        "incorrect_answers": [
            "Flowers",
            "Vegtables",
            "Grains"
        ]
    },
    {
        "type": "multiple",
        "difficulty": "hard",
        "category": "Science &amp; Nature",
        "question": "Which of the following is a major muscle of the back?",
        "correct_answer": "Trapezius",
        "incorrect_answers": [
            "Trapezium",
            "Trapezoid",
            "Triquetrum"
        ]
    },
    {
        "type": "multiple",
        "difficulty": "hard",
        "category": "Science &amp; Nature",
        "question": "How many objects are equivalent to one mole?",
        "correct_answer": "6.022 x 10^23",
        "incorrect_answers": [
            "6.002 x 10^22",
            "6.022 x 10^22",
            "6.002 x 10^23"
        ]
    },
    {
        "type": "multiple",
        "difficulty": "hard",
        "category": "Science &amp; Nature",
        "question": "What nucleotide pairs with guanine?",
        "correct_answer": "Cytosine",
        "incorrect_answers": [
            "Thymine",
            "Adenine",
            "Uracil"
        ]
    },
    {
        "type": "multiple",
        "difficulty": "hard",
        "category": "Science &amp; Nature",
        "question": "Autosomal-dominant Compelling Helio-Ophthalmic Outburst syndrome is the need to do what when seeing the Sun?",
        "correct_answer": "Sneeze",
        "incorrect_answers": [
            "Cough",
            "Yawn",
            "Hiccup"
        ]
    },
    {
        "type": "multiple",
        "difficulty": "hard",
        "category": "Science &amp; Nature",
        "question": "What common name is given to the medial condition, tibial stress syndrome (MTSS)?",
        "correct_answer": "Shin Splints",
        "incorrect_answers": [
            "Tennis Elbow",
            "Carpal Tunnel",
            "Housemaid&#039;s Knee"
        ]
    },
    {
        "type": "multiple",
        "difficulty": "hard",
        "category": "Science &amp; Nature",
        "question": "What is considered the rarist form of color blindness?",
        "correct_answer": "Blue",
        "incorrect_answers": [
            "Red",
            "Green",
            "Purple"
        ]
    },
    {
        "type": "multiple",
        "difficulty": "hard",
        "category": "Science &amp; Nature",
        "question": "What is the most potent toxin known?",
        "correct_answer": "Botulinum toxin",
        "incorrect_answers": [
            "Ricin",
            "Cyanide",
            "Asbestos"
        ]
    },
    {
        "type": "multiple",
        "difficulty": "hard",
        "category": "Science &amp; Nature",
        "question": "How many types of quarks are there in the standard model of physics?",
        "correct_answer": "6",
        "incorrect_answers": [
            "2",
            "3",
            "4"
        ]
    },
    {
        "type": "multiple",
        "difficulty": "hard",
        "category": "Science &amp; Nature",
        "question": "On the Beaufort Scale of wind force, what wind name is given to number 8?",
        "correct_answer": "Gale",
        "incorrect_answers": [
            "Storm",
            "Hurricane",
            "Breeze"
        ]
    },
    {
        "type": "multiple",
        "difficulty": "hard",
        "category": "Science &amp; Nature",
        "question": "The &#039;Islets of Langerhans&#039; is found in which human organ?",
        "correct_answer": "Pancreas",
        "incorrect_answers": [
            "Kidney",
            "Liver",
            "Brain"
        ]
    },
    {
        "type": "multiple",
        "difficulty": "hard",
        "category": "Science &amp; Nature",
        "question": "Muscle fiber is constructed of bundles small long organelles called what?",
        "correct_answer": "Myofibrils",
        "incorrect_answers": [
            "Epimysium",
            "Myofiaments",
            "Myocardium"
        ]
    },
    {
        "type": "multiple",
        "difficulty": "hard",
        "category": "Science &amp; Nature",
        "question": "Which of the following elements is typically used in the doping of the semiconductor silicon?",
        "correct_answer": "Boron",
        "incorrect_answers": [
            "Oxygen",
            "Carbon",
            "Iron"
        ]
    },
    {
        "type": "multiple",
        "difficulty": "hard",
        "category": "Science &amp; Nature",
        "question": "Which major extinction event was caused by an asteroid collision and eliminated the majority of non-avian dinosaurs?",
        "correct_answer": "Cretaceous-Paleogene",
        "incorrect_answers": [
            "Triassic&ndash;Jurassic",
            "Permian&ndash;Triassic",
            "Ordovician&ndash;Silurian"
        ]
    },
    {
        "type": "multiple",
        "difficulty": "hard",
        "category": "Science &amp; Nature",
        "question": "Which of the following is NOT a word used to describe an earthquake?",
        "correct_answer": "Drop-slide",
        "incorrect_answers": [
            "Foreshock",
            "Strike-slip",
            "Temblor"
        ]
    },
    {
        "type": "multiple",
        "difficulty": "hard",
        "category": "Science &amp; Nature",
        "question": "A comet&#039;s gaseous envelope (which creates the tail) is called what?",
        "correct_answer": "The coma",
        "incorrect_answers": [
            "The wake",
            "The backwash",
            "The ablative"
        ]
    },
    {
        "type": "multiple",
        "difficulty": "hard",
        "category": "Science &amp; Nature",
        "question": "Which horizon in a soil profile consists of bedrock?",
        "correct_answer": "R",
        "incorrect_answers": [
            "O",
            "B",
            "D"
        ]
    },
    {
        "type": "multiple",
        "difficulty": "hard",
        "category": "Science &amp; Nature",
        "question": "In physics, conservation of energy and conservation of momentum are both consequences of which of the following?",
        "correct_answer": "Noether&#039;s Theorem",
        "incorrect_answers": [
            "Bell&#039;s Theorem",
            "Wick&#039;s Theorem",
            "Carnot&#039;s Theorem"
        ]
    },
    {
        "type": "multiple",
        "difficulty": "hard",
        "category": "Science &amp; Nature",
        "question": "What physics principle relates the net electric flux out of a closed surface to the charge enclosed by that surface?",
        "correct_answer": "Gauss&#039;s Law",
        "incorrect_answers": [
            "Faraday&#039;s Law",
            "Ampere&#039;s Law",
            "Biot-Savart Law"
        ]
    },
    {
        "type": "multiple",
        "difficulty": "hard",
        "category": "Science &amp; Nature",
        "question": "What is the scientific name of the red fox?",
        "correct_answer": "Vulpes Vulpes",
        "incorrect_answers": [
            "Vulpes Redus",
            "Red Fox",
            "Vulpes Vulpie"
        ]
    },
    {
        "type": "multiple",
        "difficulty": "hard",
        "category": "Science &amp; Nature",
        "question": "An organic compound is considered an alcohol if it has what functional group?",
        "correct_answer": "Hydroxyl",
        "incorrect_answers": [
            "Carbonyl",
            "Alkyl",
            "Aldehyde"
        ]
    },
    {
        "type": "multiple",
        "difficulty": "hard",
        "category": "Science &amp; Nature",
        "question": "In the Scoville scale, what is the hottest chemical?",
        "correct_answer": "Resiniferatoxin",
        "incorrect_answers": [
            "Capsaicin",
            "Dihydrocapsaicin",
            "Tinyatoxin"
        ]
    },
    {
        "type": "multiple",
        "difficulty": "hard",
        "category": "Science &amp; Nature",
        "question": "Which is not a type of neuron?",
        "correct_answer": "Perceptual Neuron",
        "incorrect_answers": [
            "Sensory Neuron",
            "Motor Neuron",
            "Interneuron"
        ]
    },
    {
        "type": "multiple",
        "difficulty": "hard",
        "category": "Science &amp; Nature",
        "question": "What is the molecular formula of Glucose?",
        "correct_answer": "C6H12O6",
        "incorrect_answers": [
            "C2H4O2",
            "K+",
            "CH4"
        ]
    },
    {
        "type": "multiple",
        "difficulty": "hard",
        "category": "Science &amp; Nature",
        "question": "Which of these chemical compounds is NOT found in gastric acid?",
        "correct_answer": "Sulfuric acid",
        "incorrect_answers": [
            "Hydrochloric acid",
            "Potassium chloride",
            "Sodium chloride"
        ]
    }
]